100006,https://dgduupz79pcvd.cloudfront.net/productimages/vow_premium/l/kf01548.jpg,0
100011,https://dgduupz79pcvd.cloudfront.net/productimages/vow_premium/l/ss18941.jpg,0
100047,https://dgduupz79pcvd.cloudfront.net/productimages/vow_premium/l/kf20016.jpg,0
100052,https://dgduupz79pcvd.cloudfront.net/productimages/vow_premium/l/wac10041.jpg,0
100053,https://dgduupz79pcvd.cloudfront.net/productimages/3m_uk/l/7100027117.jpg,0
100056,https://dgduupz79pcvd.cloudfront.net/productimages/vow_premium/l/kf20021.jpg,0
100060,https://dgduupz79pcvd.cloudfront.net/productimages/hamelin/l/100104036_main.jpg,0
100067,https://dgduupz79pcvd.cloudfront.net/productimages/vow_premium/l/kf01492.jpg,0
100071,https://dgduupz79pcvd.cloudfront.net/productimages/vow_premium/l/kf24056.jpg,0
100074,https://dgduupz79pcvd.cloudfront.net/productimages/pilot_pens/l/4902505377440master.jpg,0
100078,https://dgduupz79pcvd.cloudfront.net/productimages/avery/l/l7563_25_1.jpg,0
100081,https://dgduupz79pcvd.cloudfront.net/productimages/vow_premium/l/gl52211.jpg,0
100085,https://dgduupz79pcvd.cloudfront.net/productimages/vow_premium/l/ar82020.jpg,0
100087,https://dgduupz79pcvd.cloudfront.net/productimages/avery/l/631grey_1.jpg,0
100088,https://dgduupz79pcvd.cloudfront.net/productimages/vow_premium/l/cnt00707.jpg,0
100090,https://dgduupz79pcvd.cloudfront.net/productimages/3m_uk/l/7000033977.jpg,0
100092,https://dgduupz79pcvd.cloudfront.net/productimages/vow_premium/l/kf01075.jpg,0
100109,https://dgduupz79pcvd.cloudfront.net/productimages/hamelin/l/100080106_a5plus_notebook.jpg,0
100119,https://dgduupz79pcvd.cloudfront.net/productimages/stewart_superior/l/pp50.jpg,0
100120,https://dgduupz79pcvd.cloudfront.net/productimages/avery/l/a3tr_1.jpg,0
100121,https://dgduupz79pcvd.cloudfront.net/productimages/hamelin/l/100080754.jpg,0
100123,https://dgduupz79pcvd.cloudfront.net/productimages/vow_premium/l/wac10210.jpg,0
100128,https://dgduupz79pcvd.cloudfront.net/productimages/vow_premium/l/hpc9373a.jpg,0
100132,https://dgduupz79pcvd.cloudfront.net/productimages/vow_premium/l/kf26082.jpg,0
100140,https://dgduupz79pcvd.cloudfront.net/productimages/acco/l/1900043_1.jpg,0
100152,https://dgduupz79pcvd.cloudfront.net/productimages/vow_premium/l/ok03980.jpg,0
100158,https://dgduupz79pcvd.cloudfront.net/productimages/hamelin/l/100080194_main.jpg,0
100163,https://dgduupz79pcvd.cloudfront.net/productimages/vow_premium/l/jfm7.jpg,0
100165,https://dgduupz79pcvd.cloudfront.net/productimages/vow_premium/l/kf26071.jpg,0
100174,https://dgduupz79pcvd.cloudfront.net/productimages/vow_premium/l/ss7056.jpg,0
100177,https://dgduupz79pcvd.cloudfront.net/productimages/durable/l/220901.jpg,0
100186,https://dgduupz79pcvd.cloudfront.net/productimages/3m_uk/l/7000116723_main_image.jpg,0
100194,https://dgduupz79pcvd.cloudfront.net/productimages/vow_premium/l/brg10079.jpg,0
100197,https://dgduupz79pcvd.cloudfront.net/productimages/vow_premium/l/tw70633.jpg,0
100199,https://dgduupz79pcvd.cloudfront.net/productimages/hamelin/l/400007246.jpg,0
100200,https://dgduupz79pcvd.cloudfront.net/productimages/vow_premium/l/ok30431.jpg,0
100211,https://dgduupz79pcvd.cloudfront.net/productimages/vow_premium/l/co27293.jpg,0
100219,https://dgduupz79pcvd.cloudfront.net/productimages/vow_premium/l/se04420.jpg,0
100220,https://dgduupz79pcvd.cloudfront.net/productimages/durable/l/822301_a.jpg,0
100224,https://dgduupz79pcvd.cloudfront.net/productimages/vow_premium/l/avl7160e.jpg,0
100234,https://dgduupz79pcvd.cloudfront.net/productimages/vow_premium/l/ep41927.jpg,0
100246,https://dgduupz79pcvd.cloudfront.net/productimages/avery/l/dr100blk_1.jpg,0
100250,https://dgduupz79pcvd.cloudfront.net/productimages/3m_uk/l/7100089833.jpg,0
100250,https://dgduupz79pcvd.cloudfront.net/productimages/3m_uk/l/7100089833.jpg,0
100252,https://dgduupz79pcvd.cloudfront.net/productimages/vow_premium/l/kf04844.jpg,0
100254,https://dgduupz79pcvd.cloudfront.net/productimages/hamelin/l/100090145_main.jpg,0
100260,https://dgduupz79pcvd.cloudfront.net/productimages/vow_premium/l/kf01603.jpg,0
100262,https://dgduupz79pcvd.cloudfront.net/productimages/phoenix_safe/l/ss0721e_1.jpg,0
100267,https://dgduupz79pcvd.cloudfront.net/productimages/avery/l/l7651_25_1.jpg,0
100268,https://dgduupz79pcvd.cloudfront.net/productimages/pentel/l/nms50_ao.jpg,0
100272,https://dgduupz79pcvd.cloudfront.net/productimages/bisilque/l/fl0111801_01.jpg,0
100275,https://dgduupz79pcvd.cloudfront.net/productimages/vow_premium/l/kf26037.jpg,0
100279,https://dgduupz79pcvd.cloudfront.net/productimages/vow_premium/l/rup80173.jpg,0
100285,https://dgduupz79pcvd.cloudfront.net/productimages/vow_premium/l/kf01528.jpg,0
100286,https://dgduupz79pcvd.cloudfront.net/productimages/acco/l/100286.jpg,0
100288,https://dgduupz79pcvd.cloudfront.net/productimages/3m_uk/l/3m84968.jpg,0
100298,https://dgduupz79pcvd.cloudfront.net/productimages/acco/l/100298.jpg,0
100301,https://dgduupz79pcvd.cloudfront.net/productimages/vow_premium/l/pe05955.jpg,0
100302,https://dgduupz79pcvd.cloudfront.net/productimages/avery/l/l7565_25_1.jpg,0
100311,https://dgduupz79pcvd.cloudfront.net/productimages/vow_premium/l/kf01232.jpg,0
100313,https://dgduupz79pcvd.cloudfront.net/productimages/acco/l/21627.jpg,0
100315,https://dgduupz79pcvd.cloudfront.net/productimages/exaclair/l/211-7001z.1.jpg,0
100318,https://dgduupz79pcvd.cloudfront.net/productimages/vow_premium/l/kf71434.jpg,0
100325,https://dgduupz79pcvd.cloudfront.net/productimages/hamelin/l/100080445_main.jpg,0
100332,https://dgduupz79pcvd.cloudfront.net/productimages/vow_premium/l/hpc8765ee.jpg,0
100338,https://dgduupz79pcvd.cloudfront.net/productimages/vow_premium/l/se4099.jpg,0
100339,https://dgduupz79pcvd.cloudfront.net/productimages/vow_premium/l/jf13010.jpg,0
100350,https://dgduupz79pcvd.cloudfront.net/productimages/avery/l/tr002_1.jpg,0
100352,https://dgduupz79pcvd.cloudfront.net/productimages/3m_uk/l/7100102671.jpg,0
100352,https://dgduupz79pcvd.cloudfront.net/productimages/3m_uk/l/7100102671.jpg,0
100355,https://dgduupz79pcvd.cloudfront.net/productimages/vow_premium/l/kf01233.jpg,0
100360,https://dgduupz79pcvd.cloudfront.net/productimages/vow_premium/l/hpq1441a.jpg,0
100361,https://dgduupz79pcvd.cloudfront.net/productimages/pentel/l/all_c505_leads_grades.jpg,0
100391,https://dgduupz79pcvd.cloudfront.net/productimages/avery/l/dr500blk_1.jpg,0
100397,https://dgduupz79pcvd.cloudfront.net/productimages/vow_premium/l/es45020.jpg,0
100401,https://dgduupz79pcvd.cloudfront.net/productimages/vow_premium/l/kf04128.jpg,0
100405,https://dgduupz79pcvd.cloudfront.net/productimages/vow_premium/l/avl7167.jpg,0
100424,https://dgduupz79pcvd.cloudfront.net/productimages/vow_premium/l/kf01330.jpg,0
100427,https://dgduupz79pcvd.cloudfront.net/productimages/vow_premium/l/au18048.jpg,0
100434,https://dgduupz79pcvd.cloudfront.net/productimages/vow_premium/l/dw06301.jpg,0
100438,https://dgduupz79pcvd.cloudfront.net/productimages/antalis/l/prso_conq_hw_wove_cut_210x297_100gsm_box_25486_00_14022013.jpg,0
100440,https://dgduupz79pcvd.cloudfront.net/productimages/vow_premium/l/ok04584.jpg,0
100448,https://dgduupz79pcvd.cloudfront.net/productimages/durable/l/809001.jpg,0
100453,https://dgduupz79pcvd.cloudfront.net/productimages/vow_premium/l/cl69391.jpg,0
100458,https://dgduupz79pcvd.cloudfront.net/productimages/vow_premium/l/sca05853.jpg,0
100466,https://dgduupz79pcvd.cloudfront.net/productimages/vow_premium/l/hpq5953a.jpg,0
100470,https://dgduupz79pcvd.cloudfront.net/productimages/vow_premium/l/cpd97307.jpg,0
100473,https://dgduupz79pcvd.cloudfront.net/productimages/vow_premium/l/rx11632.jpg,0
100474,https://dgduupz79pcvd.cloudfront.net/productimages/vow_premium/l/kf01436.jpg,0
100483,https://dgduupz79pcvd.cloudfront.net/productimages/vow_premium/l/jdh23213.jpg,0
100486,https://dgduupz79pcvd.cloudfront.net/productimages/acco/l/100486.jpg,0
100503,https://dgduupz79pcvd.cloudfront.net/productimages/avery/l/l7167_500_1.jpg,0
100505,https://dgduupz79pcvd.cloudfront.net/productimages/vow_premium/l/bx42060.jpg,0
100506,https://dgduupz79pcvd.cloudfront.net/productimages/vow_premium/l/kf02138.jpg,0
100510,https://dgduupz79pcvd.cloudfront.net/productimages/vow_premium/l/er01280.jpg,0
100522,https://dgduupz79pcvd.cloudfront.net/productimages/vow_premium/l/hpcb541a.jpg,0
100523,https://dgduupz79pcvd.cloudfront.net/productimages/vow_premium/l/kf20078.jpg,0
100526,https://dgduupz79pcvd.cloudfront.net/productimages/vow_premium/l/jt05001.jpg,0
100548,https://dgduupz79pcvd.cloudfront.net/productimages/durable/l/800819.jpg,0
100552,https://dgduupz79pcvd.cloudfront.net/productimages/vow_premium/l/ep61240.jpg,0